timestamp,age,gender,grade,tech_usage_frequency,ai_experience,chatgpt_usage,social_media_usage,chatgpt_study_frequency,chatgpt_learning_methods,chatgpt_help_performance,chatgpt_useful_subjects,chatgpt_easy_to_use,chatgpt_accessibility,chatgpt_concerns,chatgpt_limitations,social_media_influencers,chatgpt_improvement_suggestions,chatgpt_recommendation,chatgpt_additional_comments
2024-09-03 12:07:35.983,17,Feminino,3Âª SÃ©rie EM,Diariamente,Sim,Sim,Sim,Semanalmente,"Para tirar dÃºvidas sobre matÃ©rias escolares, Para fazer pesquisas rÃ¡pidas, Para ajuda com tarefas e deveres de casa, Para revisar conteÃºdos antes de provas, Para aprender novos tÃ³picos fora do currÃ­culo escolar","Sim, um pouco","LÃ­nguas (PortuguÃªs, InglÃªs, Espanhol), Geografia",Sim,Sim,DependÃªncia excessiva da tecnologia,Respostas imprecisas ou erradas,Sim,Respostas educacionais verificadas!,Sim,"Muito Ãºtil, eu mesma treino inglÃªs e tenho aulas de italiano com o chat "
2024-09-03 12:07:44.305,17,Masculino,3Âª SÃ©rie EM,Diariamente,NÃ£o,Sim,Sim,Mensalmente,"Para tirar dÃºvidas sobre matÃ©rias escolares, Para aprender novos tÃ³picos fora do currÃ­culo escolar","Sim, muito","CiÃªncias (Biologia, QuÃ­mica, FÃ­sica), LÃ­nguas (PortuguÃªs, InglÃªs, Espanhol), HistÃ³ria, Geografia",Sim,Sim,PrecisÃ£o das informaÃ§Ãµes,Respostas imprecisas ou erradas,Sim,respostas mais precisas e verificadas ,Sim,
2024-09-03 12:07:51.589,17,Outro,3Âª SÃ©rie EM,Diariamente,Sim,NÃ£o,Sim,Nunca,nunca usei ,"NÃ£o, nÃ£o faz diferenÃ§a","MatemÃ¡tica, CiÃªncias (Biologia, QuÃ­mica, FÃ­sica), LÃ­nguas (PortuguÃªs, InglÃªs, Espanhol), HistÃ³ria, Geografia",Nunca utilizei,Sim,"PrecisÃ£o das informaÃ§Ãµes, DependÃªncia excessiva da tecnologia",Respostas imprecisas ou erradas,Sim,mais precisÃ£o nas respostas ,NÃ£o,
2024-09-03 12:08:11.225,18,Feminino,3Âª SÃ©rie EM,Mensalmente,Sim,Sim,Sim,Mensalmente,"Para tirar dÃºvidas sobre matÃ©rias escolares, Para fazer pesquisas rÃ¡pidas, Para revisar conteÃºdos antes de provas","Sim, um pouco","MatemÃ¡tica, CiÃªncias (Biologia, QuÃ­mica, FÃ­sica)",Sim,Sim,DependÃªncia excessiva da tecnologia,Respostas imprecisas ou erradas,Sim,acerto nas respostas!!! muitas falhas ,Sim,"Ele costuma falhar um pouco, mas Ã© um Ã³timo meio de estudos. (ele pode montar perguntas para vocÃª responder e estudar de forma diferente). "
2024-09-03 12:08:22.095,17,Feminino,3Âª SÃ©rie EM,Diariamente,Sim,Sim,Sim,Mensalmente,"Para tirar dÃºvidas sobre matÃ©rias escolares, Para fazer pesquisas rÃ¡pidas, Para ajuda com tarefas e deveres de casa, Para revisar conteÃºdos antes de provas","Sim, um pouco","MatemÃ¡tica, LÃ­nguas (PortuguÃªs, InglÃªs, Espanhol)",Sim,Sim,"PrecisÃ£o das informaÃ§Ãµes, DependÃªncia excessiva da tecnologia",Respostas imprecisas ou erradas,Sim,Melhoria nas respostas ,Sim,
2024-09-03 12:08:22.482,17,Feminino,3Âª SÃ©rie EM,Diariamente,Sim,Sim,Sim,Raramente,"Para fazer pesquisas rÃ¡pidas, Para ajuda com tarefas e deveres de casa, Para revisar conteÃºdos antes de provas","NÃ£o, nÃ£o faz diferenÃ§a","LÃ­nguas (PortuguÃªs, InglÃªs, Espanhol)",Sim,Sim,"PrecisÃ£o das informaÃ§Ãµes, DependÃªncia excessiva da tecnologia",Respostas imprecisas ou erradas,Sim,"Ele deviria dar resposta certas e completas , o aplicativo da respostas mt erradas ",NÃ£o,
2024-09-03 12:09:12.800,17,Feminino,3Âª SÃ©rie EM,Diariamente,Sim,Sim,Sim,Raramente,Para tirar dÃºvidas sobre matÃ©rias escolares,"Sim, um pouco",MatemÃ¡tica,NÃ£o,Sim,DependÃªncia excessiva da tecnologia,Respostas imprecisas ou erradas,Sim,Rever as contas erradas q Ã© feito,Sim,Melhorar 
2024-09-03 12:09:25.004,17,Feminino,3Âª SÃ©rie EM,Semanalmente,NÃ£o,NÃ£o,NÃ£o,Nunca,Para fazer pesquisas rÃ¡pidas,"NÃ£o, nÃ£o faz diferenÃ§a","CiÃªncias (Biologia, QuÃ­mica, FÃ­sica)",Sim,NÃ£o,PrecisÃ£o das informaÃ§Ãµes,Respostas imprecisas ou erradas,Sim,Maior qualidade do programa para uma maior precisÃ£o nas respostas.,NÃ£o,
2024-09-03 12:09:32.981,17,Feminino,3Âª SÃ©rie EM,Diariamente,NÃ£o,Sim,Sim,Semanalmente,"Para tirar dÃºvidas sobre matÃ©rias escolares, Para ajuda com tarefas e deveres de casa, Uso principalmente para corrigir questÃµes que nÃ£o acho gabarito ","Sim, um pouco","MatemÃ¡tica, CiÃªncias (Biologia, QuÃ­mica, FÃ­sica), LÃ­nguas (PortuguÃªs, InglÃªs, Espanhol), HistÃ³ria, Geografia",Sim,Sim,"DependÃªncia excessiva da tecnologia, Sim, me preocupo nos profissionais formados na faculdade com apenas chatgpt",Respostas imprecisas ou erradas,Sim,"Um limite seria a melhor opÃ§Ã£o, pois acabam tornando os alunos dependentes disso e nÃ£o conseguir evoluir suas habilidades ",Sim,"Ele Ã© bom como forma de pesquisa, porÃ©m quando todos os trabalhos redaÃ§Ãµes sÃ£o feitos por chatgpt acaba prejudicando seriamente os alunos que acabam ficando dependentes e nÃ£o aprendem nada "
2024-09-03 12:09:38.562,17,Masculino,3Âª SÃ©rie EM,Diariamente,NÃ£o,Sim,Sim,Raramente,Para fazer pesquisas rÃ¡pidas,"NÃ£o, nÃ£o faz diferenÃ§a","HistÃ³ria, Geografia",Sim,Sim,"PrecisÃ£o das informaÃ§Ãµes, DependÃªncia excessiva da tecnologia",Comodidade dos estudantes e respostas imprecisas,Sim,Acho que o chat pode ser usado para elaborar questÃµes ,Sim,.
2024-09-03 12:09:40.274,17,Feminino,3Âª SÃ©rie EM,Diariamente,NÃ£o,NÃ£o,Sim,Nunca,N utilizo,"NÃ£o, atrapalha",Nenhuma,Sim,NÃ£o,"DependÃªncia excessiva da tecnologia, Privacidade e seguranÃ§a dos dados",N sei,Sim,Na distribuiÃ§Ã£o de informaÃ§Ãµes ,NÃ£o,
2024-09-03 12:09:59.737,17,Masculino,3Âª SÃ©rie EM,Diariamente,Sim,Sim,Sim,Semanalmente,"Para tirar dÃºvidas sobre matÃ©rias escolares, Para fazer pesquisas rÃ¡pidas, Para ajuda com tarefas e deveres de casa","Sim, um pouco","CiÃªncias (Biologia, QuÃ­mica, FÃ­sica)",Sim,Sim,"PrecisÃ£o das informaÃ§Ãµes, DependÃªncia excessiva da tecnologia",Respostas imprecisas ou erradas,Sim,maior confiabilidade nas informaÃ§Ãµes ,Sim,
2024-09-03 12:10:19.479,17,Feminino,3Âª SÃ©rie EM,Diariamente,Sim,Sim,Sim,Raramente,"Para tirar dÃºvidas sobre matÃ©rias escolares, Para fazer pesquisas rÃ¡pidas","NÃ£o, nÃ£o faz diferenÃ§a",HistÃ³ria,Sim,NÃ£o,PrecisÃ£o das informaÃ§Ãµes,Dificuldade em entender perguntas complexas,Sim,A precisÃ£o das respostas e a validade delas sÃ£o relevantes.,Sim,
2024-09-03 12:10:34.991,17,Masculino,3Âª SÃ©rie EM,Diariamente,Sim,Sim,NÃ£o,Diariamente,"Para tirar dÃºvidas sobre matÃ©rias escolares, Para fazer pesquisas rÃ¡pidas, Para ajuda com tarefas e deveres de casa, Para revisar conteÃºdos antes de provas, Para aprender novos tÃ³picos fora do currÃ­culo escolar","Sim, muito","MatemÃ¡tica, CiÃªncias (Biologia, QuÃ­mica, FÃ­sica), LÃ­nguas (PortuguÃªs, InglÃªs, Espanhol), HistÃ³ria, Geografia",Sim,NÃ£o,DependÃªncia excessiva da tecnologia,Falta de interaÃ§Ã£o humana,NÃ£o,"Usado para tirar dÃºvidas, nÃ£o para responder em si as perguntas ",Sim,
2024-09-03 12:10:35.394,18,Feminino,3Âª SÃ©rie EM,Semanalmente,Sim,Sim,Sim,Semanalmente,Para fazer pesquisas rÃ¡pidas,"Sim, muito","MatemÃ¡tica, CiÃªncias (Biologia, QuÃ­mica, FÃ­sica), LÃ­nguas (PortuguÃªs, InglÃªs, Espanhol), HistÃ³ria, Geografia",Sim,Sim,PrecisÃ£o das informaÃ§Ãµes,Respostas imprecisas ou erradas,Sim,Nada,Sim,
2024-09-03 12:11:01.153,17,Feminino,3Âª SÃ©rie EM,Diariamente,Sim,Sim,Sim,Semanalmente,"Para tirar dÃºvidas sobre matÃ©rias escolares, Para fazer pesquisas rÃ¡pidas, Para ajuda com tarefas e deveres de casa, Para revisar conteÃºdos antes de provas","Sim, um pouco","CiÃªncias (Biologia, QuÃ­mica, FÃ­sica), LÃ­nguas (PortuguÃªs, InglÃªs, Espanhol), HistÃ³ria, Geografia",Sim,Sim,PrecisÃ£o das informaÃ§Ãµes,Dificuldade em entender perguntas complexas,Sim,InformaÃ§Ãµes mais precisas.,Sim,
2024-09-03 12:11:04.413,17,Feminino,3Âª SÃ©rie EM,Semanalmente,NÃ£o,Sim,Sim,Semanalmente,"Para fazer pesquisas rÃ¡pidas, Para ajuda com tarefas e deveres de casa","Sim, um pouco","MatemÃ¡tica, CiÃªncias (Biologia, QuÃ­mica, FÃ­sica), LÃ­nguas (PortuguÃªs, InglÃªs, Espanhol), HistÃ³ria, Geografia",Sim,Sim,Privacidade e seguranÃ§a dos dados,Respostas imprecisas ou erradas,Sim,N sei,Sim,
2024-09-03 12:11:06.660,17,Feminino,3Âª SÃ©rie EM,Diariamente,Sim,Sim,Sim,Mensalmente,"Para fazer pesquisas rÃ¡pidas, Para ajuda com tarefas e deveres de casa, Para aprender novos tÃ³picos fora do currÃ­culo escolar","NÃ£o, atrapalha",HistÃ³ria,Sim,Sim,PrecisÃ£o das informaÃ§Ãµes,Respostas imprecisas ou erradas,Sim,mais precisÃ£o ,Sim,
2024-09-03 12:11:08.980,18,Feminino,3Âª SÃ©rie EM,Diariamente,NÃ£o,NÃ£o,Sim,Nunca,Para fazer pesquisas rÃ¡pidas,"NÃ£o, nÃ£o faz diferenÃ§a","LÃ­nguas (PortuguÃªs, InglÃªs, Espanhol)",Sim,Sim,"PrecisÃ£o das informaÃ§Ãµes, DependÃªncia excessiva da tecnologia, Privacidade e seguranÃ§a dos dados",Respostas imprecisas ou erradas,Sim,O uso excessivo influencia a nÃ£o estudar e tambem os erros cometidos pelo chat sÃ£o constantes  ,NÃ£o,
2024-09-03 12:11:25.273,17,Feminino,3Âª SÃ©rie EM,Diariamente,NÃ£o,Sim,NÃ£o,Nunca,Para ajuda com tarefas e deveres de casa,"NÃ£o, nÃ£o faz diferenÃ§a",HistÃ³ria,Sim,Sim,"DependÃªncia excessiva da tecnologia, Privacidade e seguranÃ§a dos dados",Respostas imprecisas ou erradas,Sim,Acho que livros sÃ£o mais eficientes,NÃ£o,Livros sÃ£o melhores 
2024-09-03 12:11:25.556,17,Feminino,3Âª SÃ©rie EM,Diariamente,Sim,Sim,Sim,Raramente,Para tirar dÃºvidas sobre matÃ©rias escolares,"NÃ£o, nÃ£o faz diferenÃ§a","CiÃªncias (Biologia, QuÃ­mica, FÃ­sica), LÃ­nguas (PortuguÃªs, InglÃªs, Espanhol)",Sim,Sim,PrecisÃ£o das informaÃ§Ãµes,Respostas imprecisas ou erradas,Sim,respostas corretas,Sim,
2024-09-03 12:11:31.193,17,Feminino,3Âª SÃ©rie EM,Diariamente,NÃ£o,Sim,Sim,Raramente,Para fazer pesquisas rÃ¡pidas,"Sim, um pouco","MatemÃ¡tica, CiÃªncias (Biologia, QuÃ­mica, FÃ­sica)",Sim,NÃ£o,"PrecisÃ£o das informaÃ§Ãµes, DependÃªncia excessiva da tecnologia",Dificuldade em entender perguntas complexas,Sim,"Precisa ser mais preciso nas respostas, alÃ©m de nÃ£o dar respostas errÃ´neas ",NÃ£o,Deve ser utilizado de forma consciente 
2024-09-03 12:11:33.747,17,Masculino,3Âª SÃ©rie EM,Diariamente,Sim,Sim,Sim,Semanalmente,"Para tirar dÃºvidas sobre matÃ©rias escolares, Para fazer pesquisas rÃ¡pidas, Para ajuda com tarefas e deveres de casa","Sim, um pouco","CiÃªncias (Biologia, QuÃ­mica, FÃ­sica), LÃ­nguas (PortuguÃªs, InglÃªs, Espanhol), HistÃ³ria, Geografia",Sim,Sim,"PrecisÃ£o das informaÃ§Ãµes, DependÃªncia excessiva da tecnologia",Respostas imprecisas ou erradas,Sim,Uma melhora na precisÃ£o de informaÃ§Ãµes ,Sim,"Ele nÃ£o Ã© muito confiÃ¡vel na resposta de contas difÃ­ceis ou exercÃ­cios difÃ­ceis, em fÃ­sica matemÃ¡tica e quÃ­mica ele deixa muito a desejar na resposta de exercÃ­cios, porÃ©m para pequenas dÃºvidas ele Ã© muito Ãºtil "
2024-09-03 12:11:34.574,18,Feminino,3Âª SÃ©rie EM,Diariamente,NÃ£o,Sim,Sim,Raramente,"Para tirar dÃºvidas sobre matÃ©rias escolares, Para revisar conteÃºdos antes de provas","Sim, um pouco","MatemÃ¡tica, CiÃªncias (Biologia, QuÃ­mica, FÃ­sica), HistÃ³ria, Geografia",Sim,NÃ£o,"PrecisÃ£o das informaÃ§Ãµes, DependÃªncia excessiva da tecnologia",Respostas imprecisas ou erradas,Sim,Respostas mais elaboradas (aprofundadas com explicaÃ§Ãµes) e corretas,Sim,"Muito Ãºtil para revisÃ£o para provas, respostas mais elaboradas/aprofundadas com resoluÃ§Ã£o seriam interessantes "
2024-09-03 12:11:53.005,17,Feminino,3Âª SÃ©rie EM,Diariamente,Sim,Sim,Sim,Mensalmente,"Para fazer pesquisas rÃ¡pidas, Para ajuda com tarefas e deveres de casa","NÃ£o, atrapalha","Acho que nÃ£o Ã© ideal o uso, pois nunca Ã© usado para aprendizagem e sim para cola ",Sim,Sim,DependÃªncia excessiva da tecnologia,Respostas imprecisas ou erradas,Sim,"NÃ£o sugiro o uso para o ensino, pois gera uma dependÃªncia e nÃ£o Ã© um estudo aprofundado ",NÃ£o,"NÃ£o Ã© recomendado pois gera um comodismo nos alunos. Eles nÃ£o usam para estudo e sim para colar em tarefas, trabalhos e provas e nÃ£o prepara o aluno para quando ele nÃ£o for ter o uso do aplicativo em alguma prova "
2024-09-03 12:11:57.243,17,Masculino,3Âª SÃ©rie EM,Semanalmente,NÃ£o,Sim,Sim,Raramente,"Para fazer pesquisas rÃ¡pidas, Para ajuda com tarefas e deveres de casa, Para revisar conteÃºdos antes de provas","Sim, um pouco","CiÃªncias (Biologia, QuÃ­mica, FÃ­sica), LÃ­nguas (PortuguÃªs, InglÃªs, Espanhol)",Sim,Sim,DependÃªncia excessiva da tecnologia,Dificuldade em entender perguntas complexas,Sim,UtilizÃ¡-lo atravÃ©s dos professores.,Sim,"Ã‰ um Ã³timo meio para auxiliar o seu aprendizado e tirar pequenas dÃºvidas, porÃ©m nÃ£o podemos esquecer que redaÃ§Ãµes e exercÃ­cios respondidos pelo chat sÃ£o completamente nocivos ao nosso desenvolvimento acadÃªmico. "
2024-09-03 12:12:02.246,17,Masculino,3Âª SÃ©rie EM,Diariamente,NÃ£o,Sim,Sim,Semanalmente,"Para tirar dÃºvidas sobre matÃ©rias escolares, Para fazer pesquisas rÃ¡pidas","Sim, um pouco","LÃ­nguas (PortuguÃªs, InglÃªs, Espanhol), HistÃ³ria, Geografia",Sim,NÃ£o,PrecisÃ£o das informaÃ§Ãµes,Respostas imprecisas ou erradas,Sim,Respostas verificadas por profissionais,Sim,
2024-09-03 12:12:27.696,18,Masculino,3Âª SÃ©rie EM,Diariamente,Sim,Sim,Sim,Diariamente,"Para tirar dÃºvidas sobre matÃ©rias escolares, Para fazer pesquisas rÃ¡pidas, Para ajuda com tarefas e deveres de casa, Para revisar conteÃºdos antes de provas","Sim, um pouco","HistÃ³ria, Geografia",Sim,Sim,PrecisÃ£o das informaÃ§Ãµes,Respostas imprecisas ou erradas,Sim,.,Sim,Ã‰ bom para entender algumas matÃ©rias 
2024-09-03 12:12:36.511,18,Masculino,3Âª SÃ©rie EM,Diariamente,Sim,Sim,Sim,Raramente,"Para tirar dÃºvidas sobre matÃ©rias escolares, Para fazer pesquisas rÃ¡pidas, Para ajuda com tarefas e deveres de casa","NÃ£o, nÃ£o faz diferenÃ§a","LÃ­nguas (PortuguÃªs, InglÃªs, Espanhol), HistÃ³ria, Geografia",Sim,Sim,"PrecisÃ£o das informaÃ§Ãµes, DependÃªncia excessiva da tecnologia",Respostas imprecisas ou erradas,NÃ£o,"Usar ele afavor a escola, pois Ã© impossÃ­vel impedirem alunos de usarem I.A mesmo com tantas matÃ©rias e tarefas ",Sim,
2024-09-03 12:12:52.232,17,Feminino,3Âª SÃ©rie EM,Diariamente,Sim,Sim,NÃ£o,Raramente,"Para tirar dÃºvidas sobre matÃ©rias escolares, Para fazer pesquisas rÃ¡pidas","Sim, um pouco","CiÃªncias (Biologia, QuÃ­mica, FÃ­sica), LÃ­nguas (PortuguÃªs, InglÃªs, Espanhol)",Sim,NÃ£o,PrecisÃ£o das informaÃ§Ãµes,Respostas imprecisas ou erradas,Sim,PrecisÃ£o nas respostas,Sim,
2024-09-03 12:12:55.334,18,Masculino,3Âª SÃ©rie EM,Mensalmente,NÃ£o,Sim,Sim,Semanalmente,"Para tirar dÃºvidas sobre matÃ©rias escolares, Para fazer pesquisas rÃ¡pidas, Para ajuda com tarefas e deveres de casa","Sim, um pouco",Todas,Sim,Sim,"PrecisÃ£o das informaÃ§Ãµes, DependÃªncia excessiva da tecnologia",Respostas imprecisas ou erradas,Sim,Aumentar a precisÃ£o nas respostas ,Sim,
2024-09-03 12:13:07.536,17,Masculino,3Âª SÃ©rie EM,Diariamente,NÃ£o,Sim,Sim,Raramente,Para tirar dÃºvidas sobre matÃ©rias escolares,"Sim, um pouco","CiÃªncias (Biologia, QuÃ­mica, FÃ­sica), LÃ­nguas (PortuguÃªs, InglÃªs, Espanhol), HistÃ³ria, Geografia",Sim,Sim,PrecisÃ£o das informaÃ§Ãµes,Falta de interaÃ§Ã£o humana,Sim,ser mais assertivo ,NÃ£o,nÃ£o tenho 
2024-09-03 12:14:58.809,17,Feminino,3Âª SÃ©rie EM,Diariamente,Sim,Sim,Sim,Mensalmente,"Para tirar dÃºvidas sobre matÃ©rias escolares, Para fazer pesquisas rÃ¡pidas, Para ajuda com tarefas e deveres de casa, Para revisar conteÃºdos antes de provas, Para aprender novos tÃ³picos fora do currÃ­culo escolar","Sim, um pouco","LÃ­nguas (PortuguÃªs, InglÃªs, Espanhol)",Sim,Sim,PrecisÃ£o das informaÃ§Ãµes,Respostas imprecisas ou erradas,Sim,respostas certas,Sim,
2024-09-03 12:18:10.872,17,Feminino,3Âª SÃ©rie EM,Diariamente,NÃ£o,Sim,Sim,Raramente,"Para tirar dÃºvidas sobre matÃ©rias escolares, Para ajuda com tarefas e deveres de casa, Para revisar conteÃºdos antes de provas","NÃ£o, nÃ£o faz diferenÃ§a","HistÃ³ria, Geografia, ",Sim,Sim,"PrecisÃ£o das informaÃ§Ãµes, Ele constantemente erra as informaÃ§Ãµes que eu pedi",Respostas imprecisas ou erradas,NÃ£o,NÃ£o sei sugerir. Acho que a maioria dependente.,NÃ£o,"As interaÃ§Ãµes, a arte, as ideias dos humanos tem ficado cada vez mais sem a essÃªncia da alma."
2024-09-03 12:18:14.135,17,Feminino,3Âª SÃ©rie EM,Diariamente,Sim,Sim,Sim,Raramente,"Para revisar conteÃºdos antes de provas, Fazer questÃ£o ","Sim, um pouco","MatemÃ¡tica, CiÃªncias (Biologia, QuÃ­mica, FÃ­sica)",Sim,Sim,DependÃªncia excessiva da tecnologia,Respostas imprecisas ou erradas,Sim,Resposta mais certas ,Sim,
2024-09-06 07:37:01.984,15,Masculino,1Âª SÃ©rie EM,Diariamente,Sim,Sim,Sim,Semanalmente,"Para tirar dÃºvidas sobre matÃ©rias escolares, Para fazer pesquisas rÃ¡pidas, Para aprender novos tÃ³picos fora do currÃ­culo escolar","Sim, um pouco","CiÃªncias (Biologia, QuÃ­mica, FÃ­sica), LÃ­nguas (PortuguÃªs, InglÃªs, Espanhol), HistÃ³ria, Geografia",Sim,NÃ£o,DependÃªncia excessiva da tecnologia,Falta de interaÃ§Ã£o humana,Sim,Sugiro a melhor orientaÃ§Ã£o de como fazer o uso da plataforma de forma benÃ©fica ,Sim,
2024-09-06 07:37:19.176,16,Masculino,1Âª SÃ©rie EM,Diariamente,Sim,Sim,Sim,Diariamente,"Para fazer pesquisas rÃ¡pidas, Para aprender novos tÃ³picos fora do currÃ­culo escolar","Sim, muito","MatemÃ¡tica, CiÃªncias (Biologia, QuÃ­mica, FÃ­sica), LÃ­nguas (PortuguÃªs, InglÃªs, Espanhol), HistÃ³ria, Geografia",Sim,Sim,Privacidade e seguranÃ§a dos dados,Respostas imprecisas ou erradas,Sim,Atualizar o banco de dados,Sim,Excelente para criaÃ§Ã£o de cronogramas de estudos entre outros
2024-09-06 07:37:36.957,15,Masculino,1Âª SÃ©rie EM,Diariamente,Sim,Sim,Sim,Semanalmente,"Para tirar dÃºvidas sobre matÃ©rias escolares, Para ajuda com tarefas e deveres de casa","Sim, um pouco","MatemÃ¡tica, CiÃªncias (Biologia, QuÃ­mica, FÃ­sica), LÃ­nguas (PortuguÃªs, InglÃªs, Espanhol), HistÃ³ria, Geografia",Sim,Sim,DependÃªncia excessiva da tecnologia,Respostas imprecisas ou erradas,Sim,Errar menos nas respostas,Sim,
2024-09-06 07:37:43.156,15,Feminino,1Âª SÃ©rie EM,Diariamente,Sim,NÃ£o,Sim,Nunca,NÃ£o utilizo o chatGPT,"NÃ£o, nÃ£o faz diferenÃ§a",MatemÃ¡tica,Nunca utilizei,Sim,"PrecisÃ£o das informaÃ§Ãµes, DependÃªncia excessiva da tecnologia",Respostas imprecisas ou erradas,Sim,Um controle maior sobre o uso da plataforma.,NÃ£o,"Ã‰ uma plataforma com potencial, porÃ©m, que deve ser utilizada com cautela e bom controle."
2024-09-06 07:38:57.418,15,Feminino,1Âª SÃ©rie EM,Diariamente,NÃ£o,Sim,Sim,Mensalmente,Para tirar dÃºvidas sobre matÃ©rias escolares,"Sim, um pouco",MatemÃ¡tica,Sim,Sim,PrecisÃ£o das informaÃ§Ãµes,Respostas imprecisas ou erradas,Sim,uso de imagens ,Sim,
2024-09-06 07:39:03.048,15,Masculino,1Âª SÃ©rie EM,Semanalmente,NÃ£o,Sim,Sim,Raramente,"Para fazer pesquisas rÃ¡pidas, Para ajuda com tarefas e deveres de casa","Sim, um pouco","LÃ­nguas (PortuguÃªs, InglÃªs, Espanhol)",Sim,Sim,DependÃªncia excessiva da tecnologia,Falta de interaÃ§Ã£o humana,Sim,"n sou muito acostumado a usar mas acho q Ã© muito bom em muitos sentidos, porem sendo usado com cautela.",Sim,
2024-09-06 07:39:11.613,15,Masculino,1Âª SÃ©rie EM,Semanalmente,Sim,Sim,Sim,Raramente,Para fazer pesquisas rÃ¡pidas,"NÃ£o, nÃ£o faz diferenÃ§a","CiÃªncias (Biologia, QuÃ­mica, FÃ­sica), LÃ­nguas (PortuguÃªs, InglÃªs, Espanhol), HistÃ³ria, Geografia",Sim,Sim,PrecisÃ£o das informaÃ§Ãµes,Respostas imprecisas ou erradas,Sim,Que seja usado com cautela ,Sim,
2024-09-06 07:39:42.217,15,Feminino,1Âª SÃ©rie EM,Semanalmente,Sim,Sim,Sim,Raramente,Para tirar dÃºvidas sobre matÃ©rias escolares,"Sim, um pouco",MatemÃ¡tica,Sim,Sim,PrecisÃ£o das informaÃ§Ãµes,Respostas imprecisas ou erradas,Sim,"Respostas mais compreensÃ­veis, e respostas pelo menos 90â„… correto. ",Sim,
2024-09-06 07:40:13.120,15,Outro,1Âª SÃ©rie EM,Diariamente,NÃ£o,Sim,Sim,Semanalmente,"Para tirar dÃºvidas sobre matÃ©rias escolares, Para fazer pesquisas rÃ¡pidas, Para ajuda com tarefas e deveres de casa","Sim, muito","MatemÃ¡tica, CiÃªncias (Biologia, QuÃ­mica, FÃ­sica), LÃ­nguas (PortuguÃªs, InglÃªs, Espanhol), HistÃ³ria, Geografia",Sim,Sim,Privacidade e seguranÃ§a dos dados,Falta de interaÃ§Ã£o humana,Sim,Melhorar a privacidade,Sim,
2024-09-06 07:40:18.049,18,Masculino,1Âª SÃ©rie EM,Semanalmente,Sim,NÃ£o,Sim,Raramente,Para fazer pesquisas rÃ¡pidas,"Sim, um pouco",Geografia,Sim,Sim,PrecisÃ£o das informaÃ§Ãµes,Respostas imprecisas ou erradas,Sim,Usar com cautela.,Sim,
2024-09-06 07:40:23.146,16,Feminino,1Âª SÃ©rie EM,Semanalmente,Sim,Sim,Sim,Semanalmente,"Para tirar dÃºvidas sobre matÃ©rias escolares, Para ajuda com tarefas e deveres de casa, Para revisar conteÃºdos antes de provas","Sim, um pouco","MatemÃ¡tica, HistÃ³ria",Sim,Sim,"PrecisÃ£o das informaÃ§Ãµes, DependÃªncia excessiva da tecnologia",Respostas imprecisas ou erradas,Sim,Se a plataforma pudesse gerar imagens como mapas mentais ou algum tipo de video acho que seria bem mais didÃ¡tico e ajudaria a compreender melhor as dÃºvidas.,Sim,
2024-09-06 07:40:54.260,16,Feminino,1Âª SÃ©rie EM,Diariamente,Sim,NÃ£o,Sim,Nunca,NÃ£o utilizo ChatGPT.,"NÃ£o, nÃ£o faz diferenÃ§a","MatemÃ¡tica, HistÃ³ria",Nunca utilizei,NÃ£o,"PrecisÃ£o das informaÃ§Ãµes, DependÃªncia excessiva da tecnologia",Dificuldade em entender perguntas complexas,Sim,Sugiro uma uso mais moderado da plataforma para nÃ£o gerar dependÃªncias por parte dos usuÃ¡rios.,NÃ£o,"Ã‰ uma ferramenta Ãºtil para auxiliar os alunos e demais, porÃ©m o uso desenfreado pode acarretar diversos problemas na vida dos usuÃ¡rios."
2024-09-06 07:41:34.958,15,Feminino,1Âª SÃ©rie EM,Diariamente,NÃ£o,NÃ£o,Sim,Nunca,nÃ£o utilizo,"NÃ£o, nÃ£o faz diferenÃ§a","MatemÃ¡tica, CiÃªncias (Biologia, QuÃ­mica, FÃ­sica), HistÃ³ria, Geografia",Nunca utilizei,Sim,"PrecisÃ£o das informaÃ§Ãµes, DependÃªncia excessiva da tecnologia",Respostas imprecisas ou erradas,Sim,"Ã‰ preciso melhorar a questÃ£o da dependÃªncia quanto ao ChatGPT, assim Ã© necessÃ¡rio um auxÃ­lio quanto ao uso excessivo da plataforma.",NÃ£o,"Penso que o ChatGPT pode ser um meio alternativo para estudar e aprender coisas de fato, mas Ã© preciso entender que Ã© apenas uma ajuda, e nÃ£o deve se tornar um vÃ­cio."
2024-09-06 07:42:09.460,15,Masculino,1Âª SÃ©rie EM,Diariamente,Sim,Sim,Sim,Semanalmente,"Para tirar dÃºvidas sobre matÃ©rias escolares, Para fazer pesquisas rÃ¡pidas, Para ajuda com tarefas e deveres de casa, Para revisar conteÃºdos antes de provas","Sim, um pouco","MatemÃ¡tica, CiÃªncias (Biologia, QuÃ­mica, FÃ­sica), LÃ­nguas (PortuguÃªs, InglÃªs, Espanhol), HistÃ³ria, Geografia",Sim,Sim,Privacidade e seguranÃ§a dos dados,Dificuldade em entender perguntas complexas,Sim,NÃ£o sei qual melhoria poderia ser adicionada ,Sim,
2024-09-06 07:42:30.772,15,Feminino,1Âª SÃ©rie EM,Mensalmente,NÃ£o,Sim,Sim,Mensalmente,"Para tirar dÃºvidas sobre matÃ©rias escolares, Para fazer pesquisas rÃ¡pidas, Para ajuda com tarefas e deveres de casa","Sim, um pouco","CiÃªncias (Biologia, QuÃ­mica, FÃ­sica), HistÃ³ria",Sim,NÃ£o,"PrecisÃ£o das informaÃ§Ãµes, DependÃªncia excessiva da tecnologia",Dificuldade em entender perguntas complexas,Sim,Explica de forma mais resumida ,Sim,
2024-09-06 07:43:04.860,15,Feminino,1Âª SÃ©rie EM,Diariamente,NÃ£o,Sim,Sim,Raramente,"Para tirar dÃºvidas sobre matÃ©rias escolares, Para fazer pesquisas rÃ¡pidas","Sim, um pouco","HistÃ³ria, Geografia",Sim,Sim,"PrecisÃ£o das informaÃ§Ãµes, DependÃªncia excessiva da tecnologia",Respostas imprecisas ou erradas,Sim,"um ensino mais preciso, com informaÃ§Ãµes mais concretas",Sim,
2024-09-06 07:43:06.370,17,Masculino,1Âª SÃ©rie EM,Raramente,Sim,Sim,Sim,Diariamente,"Para tirar dÃºvidas sobre matÃ©rias escolares, Para fazer pesquisas rÃ¡pidas, Para revisar conteÃºdos antes de provas","Sim, um pouco","MatemÃ¡tica, CiÃªncias (Biologia, QuÃ­mica, FÃ­sica), HistÃ³ria, Geografia",Sim,Sim,"Privacidade e seguranÃ§a dos dados, ",Falta de interaÃ§Ã£o humana,Sim,Do jeito que estÃ¡ ta bom ,Sim,Ele e muito bom eu recomendo 
2024-09-06 07:43:38.411,15,Feminino,1Âª SÃ©rie EM,Diariamente,NÃ£o,NÃ£o,Sim,Nunca,"Para tirar dÃºvidas sobre matÃ©rias escolares, Para fazer pesquisas rÃ¡pidas, Para ajuda com tarefas e deveres de casa","NÃ£o, nÃ£o faz diferenÃ§a","HistÃ³ria, Geografia",Nunca utilizei,NÃ£o,DependÃªncia excessiva da tecnologia,Dificuldade em entender perguntas complexas,Sim,"NÃ£o sei, pois nÃ£o utilizo o chat gpt.",Sim,
2024-09-06 07:45:05.217,15,Feminino,1Âª SÃ©rie EM,Mensalmente,Sim,NÃ£o,Sim,Nunca,NÃ£o tenho o hÃ¡bito de utilizar o ChatGPT,"NÃ£o, nÃ£o faz diferenÃ§a",Nao tenho o hÃ¡bito de utilizar o ChatGPT ,Nunca utilizei,Sim,DependÃªncia excessiva da tecnologia,Respostas imprecisas ou erradas,Sim,"O incentivo por parte dos professores, e tambÃ©m a permissÃ£o do uso do celular na sala, para que possamos fazer as devidas pesquisas ",NÃ£o,
2024-09-06 07:45:06.064,15,Feminino,1Âª SÃ©rie EM,Diariamente,NÃ£o,Sim,Sim,Raramente,"Para tirar dÃºvidas sobre matÃ©rias escolares, Para revisar conteÃºdos antes de provas, Para aprender novos tÃ³picos fora do currÃ­culo escolar","Sim, muito","MatemÃ¡tica, CiÃªncias (Biologia, QuÃ­mica, FÃ­sica), LÃ­nguas (PortuguÃªs, InglÃªs, Espanhol), HistÃ³ria, Geografia",Sim,Sim,DependÃªncia excessiva da tecnologia,nenhuma ,Sim,nenhuma ,Sim,
2024-09-06 07:45:20.604,15,Feminino,1Âª SÃ©rie EM,Semanalmente,Sim,Sim,Sim,Raramente,"Para ajuda com tarefas e deveres de casa, Para revisar conteÃºdos antes de provas","Sim, muito","MatemÃ¡tica, CiÃªncias (Biologia, QuÃ­mica, FÃ­sica)",Sim,Sim,DependÃªncia excessiva da tecnologia,Respostas imprecisas ou erradas,Sim,Que as respostas sejam sempre conferidas por especialistas no assunto.,Sim,"Interessante, visto que facilita a vida dos alunos e atÃ© mesmo dos professores."
2024-09-06 07:48:39.520,15,Feminino,1Âª SÃ©rie EM,Diariamente,NÃ£o,Sim,Sim,Raramente,Para ajuda com tarefas e deveres de casa,"Sim, muito","CiÃªncias (Biologia, QuÃ­mica, FÃ­sica), LÃ­nguas (PortuguÃªs, InglÃªs, Espanhol), HistÃ³ria, Geografia",Sim,Sim,"Pelo fÃ¡cil acesso, as pessoas pesquisam porÃ©m nÃ£o aprendem ",Falta de interaÃ§Ã£o humana,Sim,"O chatGPT facilita MUITO a vida no ensino, porÃ©m nÃ£o utilizo muito a plataforma ",Sim,"Muito funcional e preciso, eu acho o chat muito bom para estudos, assim, quando o aluno se dedicaâ€¦ jÃ¡ que ele facilita as questÃµes de forma mais clara "
2024-09-06 07:55:01.948,15,Feminino,1Âª SÃ©rie EM,Semanalmente,Sim,NÃ£o,Sim,Raramente,"Para tirar dÃºvidas sobre matÃ©rias escolares, Para fazer pesquisas rÃ¡pidas, Para ajuda com tarefas e deveres de casa","Sim, um pouco","MatemÃ¡tica, LÃ­nguas (PortuguÃªs, InglÃªs, Espanhol)",Sim,Sim,DependÃªncia excessiva da tecnologia,Falta de interaÃ§Ã£o humana,Sim,Usar somente para entender melhor a matÃ©ria e nÃ£o ficar apenas copiando as informaÃ§Ãµes que o site passou ,Sim,
2024-09-06 07:57:16.715,15,Feminino,1Âª SÃ©rie EM,Diariamente,Sim,Sim,Sim,Diariamente,"Para tirar dÃºvidas sobre matÃ©rias escolares, Para fazer pesquisas rÃ¡pidas, Para ajuda com tarefas e deveres de casa, Para revisar conteÃºdos antes de provas, Para aprender novos tÃ³picos fora do currÃ­culo escolar","Sim, muito","MatemÃ¡tica, CiÃªncias (Biologia, QuÃ­mica, FÃ­sica), LÃ­nguas (PortuguÃªs, InglÃªs, Espanhol), HistÃ³ria, Geografia",Sim,Sim,DependÃªncia excessiva da tecnologia,"para mim o chat gpt nÃ£o tem limitaÃ§Ãµes, pois alÃ©m de ser uma ferramenta com respostas precisas, ele Ã© bastante acessÃ­vel ",Sim,"Usar ele somente para estudo, e nÃ£o uma forma rÃ¡pida de fazer trabalhos apenas copiando",Sim,"Ã“timo meio de estudo, porÃ©m usado de forma indevida e desenfreada, pode causar problemas para o aprendizado e estudo adequado. "
2024-09-06 07:57:54.162,15,Feminino,1Âª SÃ©rie EM,Diariamente,Sim,Sim,Sim,Raramente,Para fazer pesquisas rÃ¡pidas,"Sim, um pouco","HistÃ³ria, Geografia",Sim,Sim,DependÃªncia excessiva da tecnologia,Respostas imprecisas ou erradas,Sim,Limite ,Sim,Adequado atÃ© certo ponto.
2024-09-06 10:09:13.233,16,Feminino,2Âª SÃ©rie EM,Mensalmente,NÃ£o,Sim,Sim,Mensalmente,"Para fazer pesquisas rÃ¡pidas, Para ajuda com tarefas e deveres de casa","Sim, um pouco",RedaÃ§Ã£o ,Sim,Sim,DependÃªncia excessiva da tecnologia,Dificuldade em entender perguntas complexas,Sim,Uma forma mais rÃ¡pida de conseguir respostas ,Sim,"Nao, obrigada!"
2024-09-06 10:09:18.245,16,Outro,2Âª SÃ©rie EM,Diariamente,Sim,Sim,Sim,Semanalmente,Para ajuda com tarefas e deveres de casa,"Sim, muito","CiÃªncias (Biologia, QuÃ­mica, FÃ­sica), LÃ­nguas (PortuguÃªs, InglÃªs, Espanhol), HistÃ³ria, Geografia",Sim,Sim,PrecisÃ£o das informaÃ§Ãµes,Dificuldade em entender perguntas complexas,Sim,"Nao, obrigado",Sim,
2024-09-06 10:10:10.468,16,Feminino,2Âª SÃ©rie EM,Mensalmente,Sim,Sim,Sim,Raramente,"Para fazer pesquisas rÃ¡pidas, Para ajuda com tarefas e deveres de casa","NÃ£o, nÃ£o faz diferenÃ§a","MatemÃ¡tica, LÃ­nguas (PortuguÃªs, InglÃªs, Espanhol)",Sim,Sim,DependÃªncia excessiva da tecnologia,Respostas imprecisas ou erradas,Sim,"Que respondesse apenas perguntas e, nao fizesse literalmente a tarefa toda ",Sim,
2024-09-06 10:10:15.733,16,Feminino,2Âª SÃ©rie EM,Semanalmente,Sim,Sim,Sim,Mensalmente,"Para tirar dÃºvidas sobre matÃ©rias escolares, Para fazer pesquisas rÃ¡pidas, Para ajuda com tarefas e deveres de casa","Sim, um pouco","MatemÃ¡tica, CiÃªncias (Biologia, QuÃ­mica, FÃ­sica), LÃ­nguas (PortuguÃªs, InglÃªs, Espanhol), HistÃ³ria, Geografia, RedaÃ§Ã£o ",Sim,Sim,DependÃªncia excessiva da tecnologia,Falta de interaÃ§Ã£o humana,Sim,Nenhuma,Sim,"Auxilia muito, porÃ©m, alguns alunos utilizam de forma errada."
2024-09-06 10:10:25.586,16,Masculino,2Âª SÃ©rie EM,Diariamente,NÃ£o,Sim,Sim,Raramente,"Para fazer pesquisas rÃ¡pidas, Para ajuda com tarefas e deveres de casa, Para revisar conteÃºdos antes de provas","Sim, muito","MatemÃ¡tica, CiÃªncias (Biologia, QuÃ­mica, FÃ­sica)",Sim,Sim,DependÃªncia excessiva da tecnologia,Respostas imprecisas ou erradas,Sim,NÃ£o sei,Sim,NÃ£o sei
2024-09-06 10:10:29.627,16,Feminino,2Âª SÃ©rie EM,Diariamente,Sim,NÃ£o,Sim,Nunca,"Para tirar dÃºvidas sobre matÃ©rias escolares, Para fazer pesquisas rÃ¡pidas","NÃ£o, nÃ£o faz diferenÃ§a","MatemÃ¡tica, LÃ­nguas (PortuguÃªs, InglÃªs, Espanhol)",Nunca utilizei,Sim,DependÃªncia excessiva da tecnologia,Dificuldade em entender perguntas complexas,Sim,NÃ£o posso opinar sobre esse assunto pois nÃ£o faÃ§o uso dessa plataforma ,Sim,Utilize para complementar seu estudo e nÃ£o para tirar vantagens 
2024-09-06 10:10:29.665,16,Masculino,2Âª SÃ©rie EM,Raramente,Sim,Sim,Sim,Semanalmente,"Para fazer pesquisas rÃ¡pidas, Para ajuda com tarefas e deveres de casa","Sim, muito",RedaÃ§Ã£o,Sim,Sim,Privacidade e seguranÃ§a dos dados,Falta de interaÃ§Ã£o humana,Sim,Poder usar ,Sim,
2024-09-06 10:10:34.043,17,Masculino,2Âª SÃ©rie EM,Raramente,NÃ£o,NÃ£o,Sim,Nunca,Para ajuda com tarefas e deveres de casa,"NÃ£o, nÃ£o faz diferenÃ§a","MatemÃ¡tica, CiÃªncias (Biologia, QuÃ­mica, FÃ­sica)",Nunca utilizei,NÃ£o,Privacidade e seguranÃ§a dos dados,Dificuldade em entender perguntas complexas,Sim,"NÃ£o sei, nunca utilizei ",NÃ£o,
2024-09-06 10:10:35.568,17,Feminino,2Âª SÃ©rie EM,Mensalmente,NÃ£o,Sim,Sim,Raramente,nao uso,"NÃ£o, nÃ£o faz diferenÃ§a","LÃ­nguas (PortuguÃªs, InglÃªs, Espanhol), HistÃ³ria",Sim,NÃ£o,DependÃªncia excessiva da tecnologia,Respostas imprecisas ou erradas,Sim,regulamentaÃ§Ã£o ,NÃ£o,
2024-09-06 10:10:39.437,16,Feminino,2Âª SÃ©rie EM,Diariamente,Sim,NÃ£o,Sim,Nunca,nao uso,"Sim, um pouco","LÃ­nguas (PortuguÃªs, InglÃªs, Espanhol), HistÃ³ria, Geografia",Sim,NÃ£o,"PrecisÃ£o das informaÃ§Ãµes, DependÃªncia excessiva da tecnologia, nÃ£o aprendizado",Respostas imprecisas ou erradas,Sim,Uso correto da ferramenta ,NÃ£o,
2024-09-06 10:10:43.482,16,Outro,2Âª SÃ©rie EM,Diariamente,Sim,Sim,Sim,Mensalmente,"Para tirar dÃºvidas sobre matÃ©rias escolares, Para fazer pesquisas rÃ¡pidas, Para ajuda com tarefas e deveres de casa","Sim, muito","CiÃªncias (Biologia, QuÃ­mica, FÃ­sica)",Sim,Sim,PrecisÃ£o das informaÃ§Ãµes,Respostas imprecisas ou erradas,Sim,melhorar a precisao das respostas ,Sim,bem Ãºtil #borabiu
2024-09-06 10:10:48.391,17,Outro,2Âª SÃ©rie EM,Diariamente,Sim,Sim,Sim,Raramente,"Para tirar dÃºvidas sobre matÃ©rias escolares, Para fazer pesquisas rÃ¡pidas, Para ajuda com tarefas e deveres de casa, Para revisar conteÃºdos antes de provas, Para aprender novos tÃ³picos fora do currÃ­culo escolar","Sim, muito",Money.com,Sim,Sim,Top,Respostas imprecisas ou erradas,Sim,Nao,NÃ£o,Porfavor yessir
2024-09-06 10:11:02.663,16,Masculino,2Âª SÃ©rie EM,Diariamente,Sim,Sim,Sim,Mensalmente,"Para fazer pesquisas rÃ¡pidas, Para ajuda com tarefas e deveres de casa","Sim, muito","MatemÃ¡tica, CiÃªncias (Biologia, QuÃ­mica, FÃ­sica), LÃ­nguas (PortuguÃªs, InglÃªs, Espanhol), HistÃ³ria, Geografia, ",Sim,Sim,PrecisÃ£o das informaÃ§Ãµes,Respostas imprecisas ou erradas,Sim,916Gon ganhar o mundial ,Sim,ğŸ™…ğŸ¼â€â™‚ï¸ğŸ”¥â˜ ï¸â˜ ï¸
2024-09-06 10:11:10.464,16,Feminino,2Âª SÃ©rie EM,Diariamente,Sim,Sim,NÃ£o,Raramente,"Para tirar dÃºvidas sobre matÃ©rias escolares, Para ajuda com tarefas e deveres de casa, Para aprender novos tÃ³picos fora do currÃ­culo escolar","Sim, um pouco","CiÃªncias (Biologia, QuÃ­mica, FÃ­sica), HistÃ³ria",Sim,Sim,PrecisÃ£o das informaÃ§Ãµes,Dificuldade em entender perguntas complexas,Sim,"as vezes o chat envia respostas e informaÃ§Ãµes erradas ou confusas, poderia melhorar isso",Sim,
2024-09-06 10:11:11.172,16,Feminino,2Âª SÃ©rie EM,Diariamente,NÃ£o,NÃ£o,NÃ£o,Nunca,Para fazer pesquisas rÃ¡pidas,"NÃ£o, nÃ£o faz diferenÃ§a","LÃ­nguas (PortuguÃªs, InglÃªs, Espanhol), HistÃ³ria",Nunca utilizei,NÃ£o,DependÃªncia excessiva da tecnologia,Dificuldade em entender perguntas complexas,Sim,Melhor monitoramento ,NÃ£o,
2024-09-06 10:11:23.701,16,Feminino,2Âª SÃ©rie EM,Diariamente,Sim,NÃ£o,Sim,Nunca,NÃ£o uso ,"NÃ£o, nÃ£o faz diferenÃ§a",MatemÃ¡tica,Nunca utilizei,Sim,DependÃªncia excessiva da tecnologia,Respostas imprecisas ou erradas,Sim,NÃ£o sei,NÃ£o,NÃ£o uso chat gpt 
2024-09-06 10:11:28.885,16,Feminino,2Âª SÃ©rie EM,Diariamente,Sim,Sim,Sim,Semanalmente,"Para tirar dÃºvidas sobre matÃ©rias escolares, Para fazer pesquisas rÃ¡pidas, Para ajuda com tarefas e deveres de casa, Para revisar conteÃºdos antes de provas, Para aprender novos tÃ³picos fora do currÃ­culo escolar","Sim, muito","LÃ­nguas (PortuguÃªs, InglÃªs, Espanhol), HistÃ³ria, Geografia",Sim,Sim,DependÃªncia excessiva da tecnologia,Respostas imprecisas ou erradas,Sim,seria ideal se houvesse um controle para nÃ£o ser usado em  excesso ,Sim,
2024-09-06 10:12:14.419,17,Feminino,2Âª SÃ©rie EM,Diariamente,Sim,Sim,Sim,Semanalmente,"Para tirar dÃºvidas sobre matÃ©rias escolares, Para fazer pesquisas rÃ¡pidas, Para ajuda com tarefas e deveres de casa, Para revisar conteÃºdos antes de provas","Sim, um pouco","MatemÃ¡tica, LÃ­nguas (PortuguÃªs, InglÃªs, Espanhol), HistÃ³ria",Sim,NÃ£o,"DependÃªncia excessiva da tecnologia, Privacidade e seguranÃ§a dos dados",Respostas imprecisas ou erradas,NÃ£o,NÃ£o sei.,Sim,
2024-09-06 10:12:20.552,16,Feminino,2Âª SÃ©rie EM,Semanalmente,NÃ£o,Sim,Sim,Semanalmente,"Para tirar dÃºvidas sobre matÃ©rias escolares, Para ajuda com tarefas e deveres de casa, Para aprender novos tÃ³picos fora do currÃ­culo escolar","Sim, um pouco","MatemÃ¡tica, CiÃªncias (Biologia, QuÃ­mica, FÃ­sica)",Sim,Sim,PrecisÃ£o das informaÃ§Ãµes,Respostas imprecisas ou erradas,Sim,"Usar de maneira controlada e para novos aprendizados ou para tirar dÃºvidas, sem passar dos limites.",Sim,
2024-09-06 10:12:33.719,16,Feminino,2Âª SÃ©rie EM,Diariamente,Sim,Sim,Sim,Raramente,Para ajuda com tarefas e deveres de casa,"NÃ£o, nÃ£o faz diferenÃ§a","CiÃªncias (Biologia, QuÃ­mica, FÃ­sica), LÃ­nguas (PortuguÃªs, InglÃªs, Espanhol), HistÃ³ria, Geografia",Sim,Sim,DependÃªncia excessiva da tecnologia,Falta de interaÃ§Ã£o humana,Sim,"Eu acho que o ChatGPT nÃ£o deve ser usado no ensino nas escolas. Emburrece. Todas as vezes que estou com preguiÃ§a de fazer alguma atividade uso ele ao invÃ©s de pensar para chegar em uma soluÃ§Ã£o, afe.",NÃ£o,"Emburrece os adolescentes. Sorte a minha, -1 concorrente no vestibular KKKKKKKK tmj"
2024-09-06 10:14:09.691,17,Masculino,2Âª SÃ©rie EM,Semanalmente,NÃ£o,Sim,NÃ£o,Raramente,"Para revisar conteÃºdos antes de provas, Para aprender novos tÃ³picos fora do currÃ­culo escolar","NÃ£o, nÃ£o faz diferenÃ§a","CiÃªncias (Biologia, QuÃ­mica, FÃ­sica), LÃ­nguas (PortuguÃªs, InglÃªs, Espanhol), HistÃ³ria, Geografia",Sim,Sim,PrecisÃ£o das informaÃ§Ãµes,Respostas imprecisas ou erradas,Sim,"Precisamos de um direcionamento para sabermos como usar o ChatGPT de forma que ele responda exatamente o que procuramos, alÃ©m de verificar a veracidade das informaÃ§Ãµes passadas por eles.",Sim,
2024-09-06 10:14:41.236,16,Masculino,2Âª SÃ©rie EM,Semanalmente,Sim,NÃ£o,Sim,Nunca,NÃ£o utilizo,"NÃ£o, nÃ£o faz diferenÃ§a",NÃ£o utilizo ,Nunca utilizei,Sim,DependÃªncia excessiva da tecnologia,NÃ£o utilizo ,Sim,Uso moderado,NÃ£o,
2024-09-06 10:15:12.873,16,Masculino,2Âª SÃ©rie EM,Diariamente,Sim,NÃ£o,Sim,Raramente,Para fazer pesquisas rÃ¡pidas,"Sim, um pouco","LÃ­nguas (PortuguÃªs, InglÃªs, Espanhol)",Sim,NÃ£o,DependÃªncia excessiva da tecnologia,Respostas imprecisas ou erradas,Sim,.,Sim,.
2024-09-06 10:16:09.440,17,Masculino,2Âª SÃ©rie EM,Raramente,NÃ£o,NÃ£o,Sim,Nunca,NÃ£o uso,"NÃ£o, atrapalha",RedaÃ§Ã£o ,Nunca utilizei,Sim,DependÃªncia excessiva da tecnologia,Falta de interaÃ§Ã£o humana,NÃ£o,NÃ£o utilizo o chatGPT,NÃ£o,
2024-09-06 10:17:30.526,16,Masculino,2Âª SÃ©rie EM,Mensalmente,Sim,Sim,Sim,Raramente,"Para fazer pesquisas rÃ¡pidas, Para ajuda com tarefas e deveres de casa","NÃ£o, nÃ£o faz diferenÃ§a","MatemÃ¡tica, CiÃªncias (Biologia, QuÃ­mica, FÃ­sica), LÃ­nguas (PortuguÃªs, InglÃªs, Espanhol), HistÃ³ria, Geografia",Sim,Sim,DependÃªncia excessiva da tecnologia,Respostas imprecisas ou erradas,Sim,Ser mais preciso exato,Sim,Tinha que liberar a versÃ£o paga para os alunos.
2024-09-06 10:17:51.392,17,Feminino,2Âª SÃ©rie EM,Semanalmente,Sim,Sim,Sim,Raramente,"Para tirar dÃºvidas sobre matÃ©rias escolares, Para fazer pesquisas rÃ¡pidas, Para aprender novos tÃ³picos fora do currÃ­culo escolar","Sim, um pouco","MatemÃ¡tica, LÃ­nguas (PortuguÃªs, InglÃªs, Espanhol), HistÃ³ria, Geografia",Sim,NÃ£o,"PrecisÃ£o das informaÃ§Ãµes, DependÃªncia excessiva da tecnologia",Respostas imprecisas ou erradas,Sim,Uma melhor verificaÃ§Ã£o na veracidade das informaÃ§Ãµes.,Sim,"Acredito que essa inteligÃªncia artificial pode ser muito Ãºtil na educaÃ§Ã£o, porÃ©m tem seus defeitos tambÃ©m, como alguns erros ou a geraÃ§Ã£o da dependÃªncia na prÃ¡tica, por ser mais rÃ¡pido e possuir ""resposta pra tudo""."
2024-09-06 10:21:44.017,16,Feminino,2Âª SÃ©rie EM,Diariamente,NÃ£o,Sim,Sim,Semanalmente,"Para tirar dÃºvidas sobre matÃ©rias escolares, Para fazer pesquisas rÃ¡pidas, Para revisar conteÃºdos antes de provas","Sim, muito","CiÃªncias (Biologia, QuÃ­mica, FÃ­sica), LÃ­nguas (PortuguÃªs, InglÃªs, Espanhol), HistÃ³ria, Geografia",Sim,NÃ£o,"PrecisÃ£o das informaÃ§Ãµes, DependÃªncia excessiva da tecnologia, Privacidade e seguranÃ§a dos dados",Respostas imprecisas ou erradas,Sim,"Que os professores estimulem mais o uso, pois em algumas vezes q usei consegui entender melhor a matÃ©ria pela explicaÃ§Ã£o do chat, alÃ©m dele oferecer exercÃ­cios para serem feitos.",Sim,Ã‰ uma forma rÃ¡pida e acessÃ­vel de ganhar informaÃ§Ãµes.
2024-09-06 10:23:24.053,17,Feminino,2Âª SÃ©rie EM,Diariamente,NÃ£o,NÃ£o,Sim,Nunca,Eu nÃ£o utilizo ele,"NÃ£o, nÃ£o faz diferenÃ§a","Eu nÃ£o sei, nÃ£o utilizo ",Nunca utilizei,NÃ£o,"PrecisÃ£o das informaÃ§Ãµes, DependÃªncia excessiva da tecnologia, Privacidade e seguranÃ§a dos dados","Acaba limitando o uso dÃ³ cÃ©rebro, cosas que eram para ser automÃ¡tica acaba ficando lento, a linha de raciocÃ­nio. ",Sim,NÃ£o sei.,Sim,
2024-09-06 10:55:37.151,16,Feminino,1Âª SÃ©rie EM,Diariamente,NÃ£o,Sim,Sim,Diariamente,"Para tirar dÃºvidas sobre matÃ©rias escolares, Para fazer pesquisas rÃ¡pidas, Para revisar conteÃºdos antes de provas","Sim, muito",HistÃ³ria,Sim,Sim,DependÃªncia excessiva da tecnologia,Respostas imprecisas ou erradas,Sim,Menos respostas erradas ,Sim,
