timestamp,teaching_area,experience_years,tech_usage_frequency,ai_experience,chatgpt_usage,chatgpt_frequency,chatgpt_teaching_methods_1,chatgpt_teaching_methods_2,chatgpt_help_performance,chatgpt_useful_subjects,chatgpt_easy_to_use,chatgpt_accessibility,chatgpt_concerns,chatgpt_limitations,chatgpt_improvement_suggestions,chatgpt_recommendation,chatgpt_additional_comments
2024-09-18 15:08:17.795,Matemática,Mais de 10 anos,Semanalmente,Sim,Sim,Mensalmente,Mensalmente,"Para preparar materiais didáticos, Para gerar ideias de atividades e exercícios, Para aprimorar o conhecimento em tópicos específicos","Sim, um pouco",Matemática,Sim,Não,Dependência excessiva da tecnologia,Respostas imprecisas ou erradas,Em matemática  temos muitos erros de resolução. ,Sim,Deveria ter mais formações  para os professores  no chatgpt. 
2024-09-18 16:51:06.267,"Ciências (Biologia, Química, Física)",Mais de 10 anos,Mensalmente,Sim,Sim,Semanalmente,Semanalmente,"Para preparar materiais didáticos, Para aprimorar o conhecimento em tópicos específicos","Não, atrapalha",Nenhuma,Sim,Sim,"Precisão das informações, Dependência excessiva da tecnologia","Respostas imprecisas ou erradas, Falta de interação humana",A IA deveria ser usada como forma de aprimoramento da informação e não executora das atividades como a maioria dos alunos faz.,Sim,"Penso que a IA é benéfica e pode.ajudar muito, desde que não seja utilizada para fazer atividades, mas sim para tirar dúvidas."
2024-09-18 19:02:27.467,Geografia,1-5 anos,Diariamente,Não,Sim,Mensalmente,Mensalmente,"Para preparar materiais didáticos, Para gerar ideias de atividades e exercícios","Não, atrapalha","Em todas poderia ser bem utilizado, a questão é a maturidade que não possuem para usar.",Sim,Sim,Dependência excessiva da tecnologia,Falta de interação humana,Deve ser ensinado aos estudantes formas colaborativas de se utilizar o chat e a possibilidade de aprofundamento nos estudos.,Sim,..
2024-09-18 19:16:08.149,"Ciências (Biologia, Química, Física)",Mais de 10 anos,Semanalmente,Sim,Sim,Mensalmente,Semanalmente,Para revisar conteúdos,"Não, atrapalha","Ciências (Biologia, Química, Física), Línguas (Português, Inglês, Espanhol), História, Geografia",Sim,Sim,"Precisão das informações, Dependência excessiva da tecnologia, Privacidade e segurança dos dados","Respostas imprecisas ou erradas, Dificuldade em entender perguntas complexas",Mais interação ,Sim,Consulta rápida 
2024-09-18 19:40:20.970,"Ciências (Biologia, Química, Física)",Mais de 10 anos,Diariamente,Sim,Não,Nunca,Raramente,Para gerar ideias de atividades e exercícios,"Sim, um pouco","Ciências (Biologia, Química, Física)",Sim,Não,Precisão das informações,Falta de interação humana,Não há,Não,Nao há
2024-09-18 19:56:52.680,"Línguas (Português, Inglês, Espanhol)",Mais de 10 anos,Semanalmente,Sim,Não,Nunca,Nunca,Ainda não usei,"Não, atrapalha","Não usei ainda, então não tenho opinião formada.",Nunca utilizei,Sim,"Dependência excessiva da tecnologia, Privacidade e segurança dos dados",Falta de interação humana,Não usei ,Sim,"Tenho curiosidade, mas ainda não usei."
2024-09-18 20:01:30.569,Arte,Mais de 10 anos,Diariamente,Sim,Sim,Semanalmente,Semanalmente,Para aprimorar o conhecimento em tópicos específicos,"Sim, um pouco","Línguas (Português, Inglês, Espanhol)",Sim,Sim,Precisão das informações,Respostas imprecisas ou erradas,"Para tirar dúvidas, correções de texto ",Sim,"Uma ferramenta nova, que devemos ter cuidado com o seu uso diariamente "
2024-09-18 21:27:14.931,"Línguas (Português, Inglês, Espanhol)",Mais de 10 anos,Semanalmente,Não,Não,Nunca,Nunca,Não uso.,"Não, atrapalha",Todas,Nunca utilizei,Sim,"Dependência excessiva da tecnologia, ",Respostas imprecisas ou erradas,Mediação humana.,Não,Preocupo-me com a facilitação exagerada.
2024-09-19 09:09:10.760,"Línguas (Português, Inglês, Espanhol)",Mais de 10 anos,Diariamente,Sim,Sim,Mensalmente,Raramente,Para preparar materiais didáticos,"Não, atrapalha",Nao se aplica.,Sim,Sim,"Dependência excessiva da tecnologia, Limitar a criatividade/ideias",Dificuldade em entender perguntas complexas,"Para o professor, preparo de atividades,  economia de tempo.",Sim,"Para os alunos, considero que limitaria o raciocínio. "
2024-09-20 14:20:16.539,Gestão,Mais de 10 anos,Mensalmente,Sim,Sim,Mensalmente,Mensalmente,"Para preparar materiais didáticos, Para gerar ideias de atividades e exercícios","Não, atrapalha","Geografia, Getão",Sim,Não,Dependência excessiva da tecnologia,Preconceito e falta de preparo de docente e discentes ,Trabalhar a conscientização dos usuários ,Sim,"Uma ferramenta importante que seve ser aplicada, desde que os usuários não exagerem na mesma."
